,precision,recall,f1-score,support
BENIGN,0.9974797718530309,0.9928703459202535,0.9951697214318799,7574.0
Bot,0.9996203492786636,0.9981046247156937,0.9988619119878603,2638.0
DDoS,0.9990372778637038,0.9998262572656053,0.9994316118540506,63312.0
PortScan,0.9999622142452296,0.9995467593292038,0.9997544436259233,26476.0
accuracy,0.99918,0.99918,0.99918,0.99918
macro avg,0.999024903310157,0.9975869968076891,0.9983044222249285,100000.0
weighted avg,0.999179579938755,0.99918,0.9991792605309264,100000.0
