Model,Accuracy,Precision,Recall,Macro F1,Weighted F1,Balanced Accuracy,MCC,ROC-AUC,PR-AUC,Inference Time (s)
Logistic Regression,0.4857659944041688,0.377278411735201,0.4857659944041688,0.17991327822663167,0.3674935999355909,0.31406892833526334,-0.04767117866300826,,0.39042869164752386,0.05145978927612305
Random Forest,0.9767065725013782,0.9840488350013068,0.9767065725013782,0.92819779140122,0.9787371523804719,0.9831010500821505,0.9585849194645749,,0.856002814758588,0.21640324592590332
Extra Trees,0.8595321552271096,0.8818398091347063,0.8595321552271096,0.7969218626598719,0.8586945173861522,0.8182712768810544,0.7546154028486968,,0.819634119602309,0.1856400966644287
XGBoost,0.814677095576381,0.9595553931922197,0.814677095576381,0.7025165702898103,0.8598357058860491,0.8621718004744875,0.7342342061294038,,0.8565909053101255,1.024393081665039
LightGBM,0.9262140769478797,0.9702702146656865,0.9262140769478797,0.8315545785548881,0.9400212525527346,0.9504973405529599,0.8798010398191596,,0.8566754116999666,4.051697015762329
MLP (PyTorch),0.5278283390366433,0.35733960579398444,0.5278283390366433,0.402736796621097,0.38540635650252486,0.48908875652306544,0.12483354045471506,,0.503294441429454,0.12178897857666016
