Model,Accuracy,Precision,Recall,Macro F1,Weighted F1,Balanced Accuracy,MCC,ROC-AUC,PR-AUC,Inference Time (s)
Logistic Regression,0.41219119990892533,0.41346856121015835,0.41219119990892533,0.2477353119221885,0.37696039684021354,0.36684052822479224,0.13883680551854002,0.640036483565169,0.34556380376237644,0.013012170791625977
Random Forest,0.5681637067395264,0.3445970589030045,0.5681637067395264,0.1815691924594268,0.42729623674236045,0.24125154011751423,-0.060915104035131784,0.6411665677447501,0.3525466523902812,0.20308208465576172
Extra Trees,0.5840946607468124,0.4860789138766373,0.5840946607468124,0.3001617737361818,0.5158184884400304,0.3361749312212324,0.19150066629934479,0.7150559906256484,0.4150402691360821,0.18503475189208984
XGBoost,0.6556238615664846,0.5221583715468943,0.6556238615664846,0.3389522133901101,0.5606526364913881,0.35794240939321686,0.33440074556325233,0.7062068729614575,0.47996581593439147,0.7397778034210205
LightGBM,0.5292008196721312,0.6138684783176016,0.5292008196721312,0.23034922626054655,0.4426057885813062,0.26490828565261987,-0.006617575367933833,0.5356300415036634,0.4341048297297514,2.3391826152801514
MLP (PyTorch),0.463776468579235,0.37277356377660104,0.463776468579235,0.22201163587539874,0.4090535545129232,0.2984990453533117,-0.05191906795065105,0.4914144849279666,0.2673350581151854,0.20571017265319824
