,precision,recall,f1-score,support
BENIGN,0.9412064138457623,0.8310112359550562,0.8826828977204917,8900.0
Bot,0.8760396566637834,0.9581195648218899,0.9152430440903009,27483.0
DDoS,0.988531666774048,0.9647106905386925,0.9764759230236831,63617.0
PortScan,1.0,1.0,1.0,2000.0
accuracy,0.9519607843137254,0.9519607843137254,0.9519607843137254,0.9519607843137254
macro avg,0.9514444343208984,0.9384603728289097,0.9436004662086189,102000.0
weighted avg,0.9543171962008103,0.9519607843137254,0.9522546192690565,102000.0
