Model,Accuracy,Precision,Recall,Macro F1,Weighted F1,Balanced Accuracy,MCC,ROC-AUC,PR-AUC,Inference Time (s)
Logistic Regression,0.28885618297743987,0.29844578423557855,0.28885618297743987,0.1258875842699846,0.2561918398972592,0.18790636238971836,-0.24867223485731496,,0.3921143696490384,0.01620316505432129
Random Forest,0.750725481834351,0.9585753281330986,0.750725481834351,0.49421281386966565,0.8054329008153479,0.8381812257249749,0.684436176999254,,0.8547414942320192,0.28498196601867676
Extra Trees,0.6681453667973748,0.888400787417791,0.6681453667973748,0.589907298196836,0.7168314196542628,0.7817087369795074,0.578784738895019,,0.7325519274102547,0.19632911682128906
XGBoost,0.6231030860281039,0.9056998016311907,0.6231030860281039,0.4207996185621158,0.6814639926994195,0.7536567271337736,0.5544847492601347,,0.805598702471467,0.9945542812347412
LightGBM,0.6595748000374442,0.8792407167184004,0.6595748000374442,0.4249897576218391,0.7131126039381797,0.6879075755603047,0.5562641005731467,,0.6720592578275264,3.462747812271118
MLP (PyTorch),0.15566915948118948,0.39987489166222784,0.15566915948118948,0.13904098217447722,0.16330303729941478,0.298023864470303,-0.14918320584684727,,0.4601424821504718,0.37157106399536133
