Model,Train Time (s),Inference Time (s),Peak RAM (MB),Model Size (MB),Accuracy,Precision,Recall,Macro F1,Weighted F1,Balanced Accuracy,MCC,ROC-AUC,PR-AUC
Logistic Regression,23.369947910308838,0.010064125061035156,747.203125,0.0020666122436523438,0.9283707162928371,0.9294351698857376,0.9283707162928371,0.6544789716623841,0.9272724867191515,0.6410499727198774,0.860134656036164,0.9600501429558175,0.7074634045034914
Random Forest,6.158498048782349,0.13866806030273438,1247.25,13.284920692443848,0.9497905020949791,0.9513245569774677,0.9497905020949791,0.942724395556839,0.9502705540594976,0.9455941487570028,0.9033860739496447,0.996177735869363,0.9857498474845314
Extra Trees,2.724423885345459,0.1382148265838623,1294.9375,8.616463661193848,0.8909510904890952,0.8891676475516123,0.8909510904890952,0.6407818426930082,0.8884438330531949,0.6235720062727516,0.7822307425630322,0.9898713072526121,0.96538274124713
XGBoost,5.294723033905029,0.12803888320922852,1381.9375,0.8918838500976562,0.9513304866951331,0.9541632630200634,0.9513304866951331,0.9438307911386373,0.9515917382499056,0.9369233697052276,0.9065787517176831,0.9964671274966612,0.9867954135209944
LightGBM,9.125361204147339,1.7941389083862305,1618.90625,1.0807075500488281,0.940360596394036,0.9429006866638755,0.940360596394036,0.679906254096558,0.9409029748887042,0.6785984924529147,0.8856229317274114,0.8486922052175495,0.6946722250298302
MLP (PyTorch),36.53884196281433,0.38666200637817383,1762.734375,0.07462024688720703,0.942940570594294,0.9446577791115978,0.942940570594294,0.6793170492637896,0.9431061676411947,0.6743843267362671,0.8897402958958474,0.9946365169457508,0.7302758490369479
