Model,Train Time (s),Inference Time (s),Peak RAM (MB),Model Size (MB)
Logistic Regression,23.369947910308838,0.010064125061035156,747.203125,0.0020666122436523438
Random Forest,6.158498048782349,0.13866806030273438,1247.25,13.284920692443848
Extra Trees,2.724423885345459,0.1382148265838623,1294.9375,8.616463661193848
XGBoost,5.294723033905029,0.12803888320922852,1381.9375,0.8918838500976562
LightGBM,9.125361204147339,1.7941389083862305,1618.90625,1.0807075500488281
MLP (PyTorch),36.53884196281433,0.38666200637817383,1762.734375,0.07462024688720703
